{
  "$schema": "https://json.schemastore.org/nest-cli",
  "collection": "@nestjs/schematics",
  "sourceRoot": "./",
  "entryFile": "src/main",
  "compilerOptions": {
    "deleteOutDir": true,
    "webpack": true,
    "tsConfigPath": "apps/nashville/tsconfig.app.json"
  },
  "monorepo": true,
  "root": "apps/nashville",
  "projects": {
    "nashville": {
      "type": "application",
      "root": "apps/nashville",
      "entryFile": "src/main",
      "sourceRoot": "./",
      "compilerOptions": {
        "tsConfigPath": "apps/nashville/tsconfig.app.json",
        "assets": ["proto/*.proto"],
        "watchAssets": true
      }
    },
    "gallatin": {
      "type": "application",
      "root": "apps/gallatin",
      "entryFile": "src/main",
      "sourceRoot": "./",
      "compilerOptions": {
        "tsConfigPath": "apps/gallatin/tsconfig.app.json",
        "assets": ["proto/*.proto"],
        "watchAssets": true
      }
    },
    "ashland": {
      "type": "application",
      "root": "apps/ashland",
      "entryFile": "main",
      "sourceRoot": "apps/ashland/src",
      "compilerOptions": {
        "tsConfigPath": "apps/ashland/tsconfig.app.json"
      }
    },
    "common": {
      "type": "library",
      "root": "libs/common",
      "entryFile": "index",
      "sourceRoot": "libs/common/src",
      "compilerOptions": {
        "tsConfigPath": "libs/common/tsconfig.lib.json"
      }
    }
  }
}